country_name,region,continent,area_km2
Afghanistan,Asia,Asia,652230
Albania,Europe,Europe,28748
Algeria,Africa,Africa,2381741
American Samoa,Oceania,Oceania,199
Andorra,Europe,Europe,468
Angola,Africa,Africa,1246700
Anguilla,America,North America,91
Antarctica,Antarctica,Antarctica,14000000
Antigua and Barbuda,America,North America,442
Argentina,America,South America,2780400
Armenia,Asia,Asia,29743
Aruba,America,North America,180
Australia,Oceania,Oceania,7692024
Austria,Europe,Europe,83871
Azerbaijan,Asia,Asia,86600
Bahamas,America,North America,13943
Bahrain,Asia,Asia,765
Bangladesh,Asia,Asia,148460
Barbados,America,North America,430
Belarus,Europe,Europe,207600
Belgium,Europe,Europe,30528
Belize,America,North America,22966
Benin,Africa,Africa,112622
Bermuda,America,North America,54
Bhutan,Asia,Asia,38394
Bolivia,America,South America,1098581
Bonaire,America,North America,328
Bosnia and Herzegovina,Europe,Europe,51197
Botswana,Africa,Africa,581730
Bouvet Island,Antarctica,Antarctica,49
Brazil,America,South America,8515767
British Indian Ocean Territory,Africa,Africa,60
British Virgin Islands,America,North America,151
Brunei,Asia,Asia,5765
Bulgaria,Europe,Europe,110879
Burkina Faso,Africa,Africa,272967
Burundi,Africa,Africa,27834
Cabo Verde,Africa,Africa,4033
Cambodia,Asia,Asia,181035
Cameroon,Africa,Africa,475442
Canada,America,North America,9984670
Cape Verde,Africa,Africa,4033
Cayman Islands,America,North America,264
Central African Republic,Africa,Africa,622984
Chad,Africa,Africa,1284000
Chile,America,South America,756102
China,Asia,Asia,9596961
Christmas Island,Oceania,Oceania,135
Cocos (Keeling) Islands,Oceania,Oceania,14
Colombia,America,South America,1141748
Comoros,Africa,Africa,2235
Congo (the Democratic Republic of the),Africa,Africa,2344858
Congo,Africa,Africa,342000
Cook Islands,Oceania,Oceania,236
Costa Rica,America,North America,51100
Croatia,Europe,Europe,56594
Cuba,America,North America,109884
Curaçao,America,North America,444
Cyprus,Asia,Asia,9251
Czechia,Europe,Europe,78865
Côte d'Ivoire,Africa,Africa,322463
Denmark,Europe,Europe,43094
Djibouti,Africa,Africa,23200
Dominica,America,North America,751
Dominican Republic,America,North America,48671
Ecuador,America,South America,283561
Egypt,Africa,Africa,1002450
El Salvador,America,North America,21041
Equatorial Guinea,Africa,Africa,28051
Eritrea,Africa,Africa,117600
Estonia,Europe,Europe,45227
Eswatini,Africa,Africa,17364
Ethiopia,Africa,Africa,1104300
Falkland Islands [Malvinas],America,South America,12173
Faroe Islands,Europe,Europe,1393
Fiji,Oceania,Oceania,18274
Finland,Europe,Europe,338424
France,Europe,Europe,551695
French Guiana,America,South America,83534
French Polynesia,Oceania,Oceania,4167
French Southern Territories,Antarctica,Antarctica,7747
Gabon,Africa,Africa,267668
Gambia,Africa,Africa,11295
Georgia,Asia,Asia,69700
Germany,Europe,Europe,357114
Ghana,Africa,Africa,238533
Gibraltar,Europe,Europe,6.8
Greece,Europe,Europe,131957
Greenland,America,North America,2166086
Grenada,America,North America,344
Guadeloupe,America,North America,1628
Guam,Oceania,Oceania,549
Guatemala,America,North America,108889
Guernsey,Europe,Europe,78
Guinea,Africa,Africa,245857
Guinea-Bissau,Africa,Africa,36125
Guyana,America,South America,214969
Haiti,America,North America,27750
Heard Island and McDonald Islands,Antarctica,Antarctica,368
Holy See,Europe,Europe,0.44
Honduras,America,North America,112492
Hong Kong,Asia,Asia,1106
Hungary,Europe,Europe,93028
Iceland,Europe,Europe,103000
India,Asia,Asia,3287263
Indonesia,Asia,Asia,1904569
Iran,Asia,Asia,1648195
Iraq,Asia,Asia,438317
Ireland,Europe,Europe,70273
Isle of Man,Europe,Europe,572
Israel,Asia,Asia,22072
Italy,Europe,Europe,301340
Jamaica,America,North America,10991
Japan,Asia,Asia,377930
Jersey,Europe,Europe,116
Jordan,Asia,Asia,89342
Kazakhstan,Asia,Asia,2724900
Kenya,Africa,Africa,580367
Kiribati,Oceania,Oceania,811
Kosovo,Europe,Europe,10887
Kuwait,Asia,Asia,17818
Kyrgyzstan,Asia,Asia,199951
Laos,Asia,Asia,236800
Latvia,Europe,Europe,64559
Lebanon,Asia,Asia,10452
Lesotho,Africa,Africa,30355
Liberia,Africa,Africa,111369
Libya,Africa,Africa,1759540
Liechtenstein,Europe,Europe,160
Lithuania,Europe,Europe,65300
Luxembourg,Europe,Europe,2586
Macao,Asia,Asia,30
Madagascar,Africa,Africa,587041
Malawi,Africa,Africa,118484
Malaysia,Asia,Asia,330803
Maldives,Asia,Asia,300
Mali,Africa,Africa,1240192
Malta,Europe,Europe,316
Marshall Islands,Oceania,Oceania,181
Martinique,America,North America,1128
Mauritania,Africa,Africa,1030700
Mauritius,Africa,Africa,2040
Mayotte,Africa,Africa,374
Mexico,America,North America,1964375
Micronesia (Federated States of),Oceania,Oceania,702
Moldova,Europe,Europe,33846
Monaco,Europe,Europe,2.02
Mongolia,Asia,Asia,1564110
Montenegro,Europe,Europe,13812
Montserrat,America,North America,102
Morocco,Africa,Africa,446550
Mozambique,Africa,Africa,801590
Myanmar,Asia,Asia,676578
Namibia,Africa,Africa,825615
Nauru,Oceania,Oceania,21
Nepal,Asia,Asia,147516
Netherlands,Europe,Europe,41543
New Caledonia,Oceania,Oceania,18575
New Zealand,Oceania,Oceania,268838
Nicaragua,America,North America,130373
Niger,Africa,Africa,1267000
Nigeria,Africa,Africa,923768
Niue,Oceania,Oceania,261
Norfolk Island,Oceania,Oceania,36
North Korea,Asia,Asia,120538
Northern Mariana Islands,Oceania,Oceania,464
Norway,Europe,Europe,385207
Oman,Asia,Asia,309500
Pakistan,Asia,Asia,881912
Palau,Oceania,Oceania,459
Palestine,Asia,Asia,6220
Panama,America,North America,75417
Papua New Guinea,Oceania,Oceania,462840
Paraguay,America,South America,406752
Peru,America,South America,1285216
Philippines,Asia,Asia,300000
Pitcairn,Oceania,Oceania,47
Poland,Europe,Europe,312679
Portugal,Europe,Europe,92212
Puerto Rico,America,North America,9104
Qatar,Asia,Asia,11586
Republic of North Macedonia,Europe,Europe,25713
Romania,Europe,Europe,238397
Russia,Europe,Europe,17098242
Rwanda,Africa,Africa,26338
Réunion,Africa,Africa,2512
Saint Barthélemy,America,North America,25
Saint Helena,Africa,Africa,394
Saint Kitts and Nevis,America,North America,261
Saint Lucia,America,North America,616
Saint Martin (French part),America,North America,53
Saint Pierre and Miquelon,America,North America,242
Saint Vincent and the Grenadines,America,North America,389
Samoa,Oceania,Oceania,2842
San Marino,Europe,Europe,61
Sao Tome and Principe,Africa,Africa,964
Saudi Arabia,Asia,Asia,2149690
Senegal,Africa,Africa,196722
Serbia,Europe,Europe,88361
Seychelles,Africa,Africa,455
Sierra Leone,Africa,Africa,71740
Singapore,Asia,Asia,728
Sint Maarten (Dutch part),America,North America,34
Slovakia,Europe,Europe,49035
Slovenia,Europe,Europe,20273
Solomon Islands,Oceania,Oceania,28896
Somalia,Africa,Africa,637657
South Africa,Africa,Africa,1219090
South Korea,Asia,Asia,100210
South Georgia and the South Sandwich Islands,America,South America,3903
South Sudan,Africa,Africa,619745
Spain,Europe,Europe,505992
Sri Lanka,Asia,Asia,65610
Sudan,Africa,Africa,1861484
Suriname,America,South America,163820
Svalbard and Jan Mayen,Europe,Europe,61399
Sweden,Europe,Europe,450295
Switzerland,Europe,Europe,41284
Syria,Asia,Asia,185180
Taiwan (Province of China),Asia,Asia,36197
Tajikistan,Asia,Asia,143100
Tanzania,Africa,Africa,945087
Thailand,Asia,Asia,513120
Timor-Leste,Asia,Asia,14874
Togo,Africa,Africa,56785
Tokelau,Oceania,Oceania,12
Tonga,Oceania,Oceania,747
Trinidad and Tobago,America,North America,5130
Tunisia,Africa,Africa,163610
Turkey,Asia,Asia,783356
Turkmenistan,Asia,Asia,488100
Turks and Caicos Islands,America,North America,948
Tuvalu,Oceania,Oceania,26
Uganda,Africa,Africa,241038
Ukraine,Europe,Europe,603500
United Arab Emirates,Asia,Asia,83600
United Kingdom,Europe,Europe,243610
United States Minor Outlying Islands,Oceania,Oceania,34.2
United States,America,North America,9372610
Uruguay,America,South America,181034
Uzbekistan,Asia,Asia,447400
Vanuatu,Oceania,Oceania,12189
Venezuela,America,South America,916445
Vietnam,Asia,Asia,331212
Virgin Islands (British),America,North America,151
Virgin Islands (U.S.),America,North America,347
Wallis and Futuna,Oceania,Oceania,142
Western Sahara,Africa,Africa,266000
Yemen,Asia,Asia,527968
Zambia,Africa,Africa,752612
Zimbabwe,Africa,Africa,390757
Åland Islands,Europe,Europe,1580