country_name,alpha_2_code,alpha_3_code,region,continent,area_km2
Afghanistan,AF,AFG,Asia,Asia,652230
Albania,AL,ALB,Europe,Europe,28748
Algeria,DZ,DZA,Africa,Africa,2381741
American Samoa,AS,ASM,Oceania,Oceania,199
Andorra,AD,AND,Europe,Europe,468
Angola,AO,AGO,Africa,Africa,1246700
Anguilla,AI,AIA,America,North America,91
Antarctica,AQ,ATA,Antarctica,Antarctica,14000000
Antigua and Barbuda,AG,ATG,America,North America,442
Argentina,AR,ARG,America,South America,2780400
Armenia,AM,ARM,Asia,Asia,29743
Aruba,AW,ABW,America,North America,180
Australia,AU,AUS,Oceania,Oceania,7692024
Austria,AT,AUT,Europe,Europe,83871
Azerbaijan,AZ,AZE,Asia,Asia,86600
Bahamas,BS,BHS,America,North America,13943
Bahrain,BH,BHR,Asia,Asia,765
Bangladesh,BD,BGD,Asia,Asia,148460
Barbados,BB,BRB,America,North America,430
Belarus,BY,BLR,Europe,Europe,207600
Belgium,BE,BEL,Europe,Europe,30528
Belize,BZ,BLZ,America,North America,22966
Benin,BJ,BEN,Africa,Africa,112622
Bermuda,BM,BMU,America,North America,54
Bhutan,BT,BTN,Asia,Asia,38394
Bolivia,BO,BOL,America,South America,1098581
Bonaire, BQ,BES,America,North America,328
Bosnia and Herzegovina,BA,BIH,Europe,Europe,51197
Botswana,BW,BWA,Africa,Africa,581730
Bouvet Island,BV,BVT,Antarctica,Antarctica,49
Brazil,BR,BRA,America,South America,8515767
British Indian Ocean Territory,IO,IOT,Africa,Africa,60
British Virgin Islands,VG,VGB,America,North America,151
Brunei,BN,BRN,Asia,Asia,5765
Bulgaria,BG,BGR,Europe,Europe,110879
Burkina Faso,BF,BFA,Africa,Africa,272967
Burundi,BI,BDI,Africa,Africa,27834
Cabo Verde,CV,CPV,Africa,Africa,4033
Cambodia,KH,KHM,Asia,Asia,181035
Cameroon,CM,CMR,Africa,Africa,475442
Canada,CA,CAN,America,North America,9984670
Cape Verde,CV,CPV,Africa,Africa,4033
Cayman Islands,KY,CYM,America,North America,264
Central African Republic,CF,CAF,Africa,Africa,622984
Chad,TD,TCD,Africa,Africa,1284000
Chile,CL,CHL,America,South America,756102
China,CN,CHN,Asia,Asia,9596961
Christmas Island,CX,CXR,Oceania,Oceania,135
Cocos (Keeling) Islands,CC,CCK,Oceania,Oceania,14
Colombia,CO,COL,America,South America,1141748
Comoros,KM,COM,Africa,Africa,2235
Congo (the Democratic Republic of the),CD,COD,Africa,Africa,2344858
Congo,CG,COG,Africa,Africa,342000
Cook Islands,CK,COK,Oceania,Oceania,236
Costa Rica,CR,CRI,America,North America,51100
Croatia,HR,HRV,Europe,Europe,56594
Cuba,CU,CUB,America,North America,109884
Curaçao,CW,CUW,America,North America,444
Cyprus,CY,CYP,Asia,Asia,9251
Czechia,CZ,CZE,Europe,Europe,78865
Côte d'Ivoire,CI,CIV,Africa,Africa,322463
Denmark,DK,DNK,Europe,Europe,43094
Djibouti,DJ,DJI,Africa,Africa,23200
Dominica,DM,DMA,America,North America,751
Dominican Republic,DO,DOM,America,North America,48671
Ecuador,EC,ECU,America,South America,283561
Egypt,EG,EGY,Africa,Africa,1002450
El Salvador,SV,SLV,America,North America,21041
Equatorial Guinea,GQ,GNQ,Africa,Africa,28051
Eritrea,ER,ERI,Africa,Africa,117600
Estonia,EE,EST,Europe,Europe,45227
Eswatini,SZ,SWZ,Africa,Africa,17364
Ethiopia,ET,ETH,Africa,Africa,1104300
Falkland Islands [Malvinas],FK,FLK,America,South America,12173
Faroe Islands,FO,FRO,Europe,Europe,1393
Fiji,FJ,FJI,Oceania,Oceania,18274
Finland,FI,FIN,Europe,Europe,338424
France,FR,FRA,Europe,Europe,551695
French Guiana,GF,GUF,America,South America,83534
French Polynesia,PF,PYF,Oceania,Oceania,4167
French Southern Territories,TF,ATF,Antarctica,Antarctica,7747
Gabon,GA,GAB,Africa,Africa,267668
Gambia,GM,GMB,Africa,Africa,11295
Georgia,GE,GEO,Asia,Asia,69700
Germany,DE,DEU,Europe,Europe,357114
Ghana,GH,GHA,Africa,Africa,238533
Gibraltar,GI,GIB,Europe,Europe,6.8
Greece,GR,GRC,Europe,Europe,131957
Greenland,GL,GRL,America,North America,2166086
Grenada,GD,GRD,America,North America,344
Guadeloupe,GP,GLP,America,North America,1628
Guam,GU,GUM,Oceania,Oceania,549
Guatemala,GT,GTM,America,North America,108889
Guernsey,GG,GGY,Europe,Europe,78
Guinea,GN,GIN,Africa,Africa,245857
Guinea-Bissau,GW,GNB,Africa,Africa,36125
Guyana,GY,GUY,America,South America,214969
Haiti,HT,HTI,America,North America,27750
Heard Island and McDonald Islands,HM,HMD,Antarctica,Antarctica,368
Holy See,VA,VAT,Europe,Europe,0.44
Honduras,HN,HND,America,North America,112492
Hong Kong,HK,HKG,Asia,Asia,1106
Hungary,HU,HUN,Europe,Europe,93028
Iceland,IS,ISL,Europe,Europe,103000
India,IN,IND,Asia,Asia,3287263
Indonesia,ID,IDN,Asia,Asia,1904569
Iran,IR,IRN,Asia,Asia,1648195
Iraq,IQ,IRQ,Asia,Asia,438317
Ireland,IE,IRL,Europe,Europe,70273
Isle of Man,IM,IMN,Europe,Europe,572
Israel,IL,ISR,Asia,Asia,22072
Italy,IT,ITA,Europe,Europe,301340
Jamaica,JM,JAM,America,North America,10991
Japan,JP,JPN,Asia,Asia,377930
Jersey,JE,JEY,Europe,Europe,116
Jordan,JO,JOR,Asia,Asia,89342
Kazakhstan,KZ,KAZ,Asia,Asia,2724900
Kenya,KE,KEN,Africa,Africa,580367
Kiribati,KI,KIR,Oceania,Oceania,811
Kosovo,XK,XXK,Europe,Europe,10887
Kuwait,KW,KWT,Asia,Asia,17818
Kyrgyzstan,KG,KGZ,Asia,Asia,199951
Laos,LA,LAO,Asia,Asia,236800
Latvia,LV,LVA,Europe,Europe,64559
Lebanon,LB,LBN,Asia,Asia,10452
Lesotho,LS,LSO,Africa,Africa,30355
Liberia,LR,LBR,Africa,Africa,111369
Libya,LY,LBY,Africa,Africa,1759540
Liechtenstein,LI,LIE,Europe,Europe,160
Lithuania,LT,LTU,Europe,Europe,65300
Luxembourg,LU,LUX,Europe,Europe,2586
Macao,MO,MAC,Asia,Asia,30
Madagascar,MG,MDG,Africa,Africa,587041
Malawi,MW,MWI,Africa,Africa,118484
Malaysia,MY,MYS,Asia,Asia,330803
Maldives,MV,MDV,Asia,Asia,300
Mali,ML,MLI,Africa,Africa,1240192
Malta,MT,MLT,Europe,Europe,316
Marshall Islands,MH,MHL,Oceania,Oceania,181
Martinique,MQ,MTQ,America,North America,1128
Mauritania,MR,MRT,Africa,Africa,1030700
Mauritius,MU,MUS,Africa,Africa,2040
Mayotte,YT,MYT,Africa,Africa,374
Mexico,MX,MEX,America,North America,1964375
Micronesia (Federated States of),FM,FSM,Oceania,Oceania,702
Moldova,MD,MDA,Europe,Europe,33846
Monaco,MC,MCO,Europe,Europe,2.02
Mongolia,MN,MNG,Asia,Asia,1564110
Montenegro,ME,MNE,Europe,Europe,13812
Montserrat,MS,MSR,America,North America,102
Morocco,MA,MAR,Africa,Africa,446550
Mozambique,MZ,MOZ,Africa,Africa,801590
Myanmar,MM,MMR,Asia,Asia,676578
Namibia,NA,NAM,Africa,Africa,825615
Nauru,NR,NRU,Oceania,Oceania,21
Nepal,NP,NPL,Asia,Asia,147516
Netherlands,NL,NLD,Europe,Europe,41543
New Caledonia,NC,NCL,Oceania,Oceania,18575
New Zealand,NZ,NZL,Oceania,Oceania,268838
Nicaragua,NI,NIC,America,North America,130373
Niger,NE,NER,Africa,Africa,1267000
Nigeria,NG,NGA,Africa,Africa,923768
Niue,NU,NIU,Oceania,Oceania,261
Norfolk Island,NF,NFK,Oceania,Oceania,36
North Korea,KP,PRK,Asia,Asia,120538
Northern Mariana Islands,MP,MNP,Oceania,Oceania,464
Norway,NO,NOR,Europe,Europe,385207
Oman,OM,OMN,Asia,Asia,309500
Pakistan,PK,PAK,Asia,Asia,881912
Palau,PW,PLW,Oceania,Oceania,459
Palestine,PS,PSE,Asia,Asia,6220
Panama,PA,PAN,America,North America,75417
Papua New Guinea,PG,PNG,Oceania,Oceania,462840
Paraguay,PY,PRY,America,South America,406752
Peru,PE,PER,America,South America,1285216
Philippines,PH,PHL,Asia,Asia,300000
Pitcairn,PN,PCN,Oceania,Oceania,47
Poland,PL,POL,Europe,Europe,312679
Portugal,PT,PRT,Europe,Europe,92212
Puerto Rico,PR,PRI,America,North America,9104
Qatar,QA,QAT,Asia,Asia,11586
Republic of North Macedonia,MK,MKD,Europe,Europe,25713
Romania,RO,ROU,Europe,Europe,238397
Russia,RU,RUS,Europe,Europe,17098242
Rwanda,RW,RWA,Africa,Africa,26338
Réunion,RE,REU,Africa,Africa,2512
Saint Barthélemy,BL,BLM,America,North America,25
Saint Helena,SH,SHN,Africa,Africa,394
Saint Kitts and Nevis,KN,KNA,America,North America,261
Saint Lucia,LC,LCA,America,North America,616
Saint Martin (French part),MF,MAF,America,North America,53
Saint Pierre and Miquelon,PM,SPM,America,North America,242
Saint Vincent and the Grenadines,VC,VCT,America,North America,389
Samoa,WS,WSM,Oceania,Oceania,2842
San Marino,SM,SMR,Europe,Europe,61
Sao Tome and Principe,ST,STP,Africa,Africa,964
Saudi Arabia,SA,SAU,Asia,Asia,2149690
Senegal,SN,SEN,Africa,Africa,196722
Serbia,RS,SRB,Europe,Europe,88361
Seychelles,SC,SYC,Africa,Africa,455
Sierra Leone,SL,SLE,Africa,Africa,71740
Singapore,SG,SGP,Asia,Asia,728
Sint Maarten (Dutch part),SX,SXM,America,North America,34
Slovakia,SK,SVK,Europe,Europe,49035
Slovenia,SI,SVN,Europe,Europe,20273
Solomon Islands,SB,SLB,Oceania,Oceania,28896
Somalia,SO,SOM,Africa,Africa,637657
South Africa,ZA,ZAF,Africa,Africa,1219090
South Korea,KR,KOR,Asia,Asia,100210
South Georgia and the South Sandwich Islands,GS,SGS,America,South America,3903
South Sudan,SS,SSD,Africa,Africa,619745
Spain,ES,ESP,Europe,Europe,505992
Sri Lanka,LK,LKA,Asia,Asia,65610
Sudan,SD,SDN,Africa,Africa,1861484
Suriname,SR,SUR,America,South America,163820
Svalbard and Jan Mayen,SJ,SJM,Europe,Europe,61399
Sweden,SE,SWE,Europe,Europe,450295
Switzerland,CH,CHE,Europe,Europe,41284
Syria,SY,SYR,Asia,Asia,185180
Taiwan (Province of China),TW,TWN,Asia,Asia,36197
Tajikistan,TJ,TJK,Asia,Asia,143100
Tanzania,TZ,TZA,Africa,Africa,945087
Thailand,TH,THA,Asia,Asia,513120
Timor-Leste,TL,TLS,Asia,Asia,14874
Togo,TG,TGO,Africa,Africa,56785
Tokelau,TK,TKL,Oceania,Oceania,12
Tonga,TO,TON,Oceania,Oceania,747
Trinidad and Tobago,TT,TTO,America,North America,5130
Tunisia,TN,TUN,Africa,Africa,163610
Turkey,TR,TUR,Asia,Asia,783356
Turkmenistan,TM,TKM,Asia,Asia,488100
Turks and Caicos Islands,TC,TCA,America,North America,948
Tuvalu,TV,TUV,Oceania,Oceania,26
Uganda,UG,UGA,Africa,Africa,241038
Ukraine,UA,UKR,Europe,Europe,603500
United Arab Emirates,AE,ARE,Asia,Asia,83600
United Kingdom,GB,GBR,Europe,Europe,243610
United States Minor Outlying Islands,UM,UMI,Oceania,Oceania,34.2
United States,US,USA,America,North America,9372610
Uruguay,UY,URY,America,South America,181034
Uzbekistan,UZ,UZB,Asia,Asia,447400
Vanuatu,VU,VUT,Oceania,Oceania,12189
Venezuela,VE,VEN,America,South America,916445
Vietnam,VN,VNM,Asia,Asia,331212
Virgin Islands (British),VG,VGB,America,North America,151
Virgin Islands (U.S.),VI,VIR,America,North America,347
Wallis and Futuna,WF,WLF,Oceania,Oceania,142
Western Sahara,EH,ESH,Africa,Africa,266000
Yemen,YE,YEM,Asia,Asia,527968
Zambia,ZM,ZMB,Africa,Africa,752612
Zimbabwe,ZW,ZWE,Africa,Africa,390757
Åland Islands,AX,ALA,Europe,Europe,1580